3464;yes
3467;yes
3471;yes
3473;yes
3482;yes
3493;yes
3500;yes
3503;yes
3568;yes
3594;yes
3598;yes
3616;yes
3618;yes
3626;yes
3631;yes
3668;yes
3679;yes
3704;yes
3708;yes
3711;yes
3714;yes
3717;yes
3727;yes
3729;yes
3730;yes
3762;yes
3774;yes
3817;yes
3835;yes
3853;yes
3861;yes
3862;yes
3887;yes
3894;yes
3906;yes
3907;yes
3927;yes
3928;yes
3987;yes
4005;yes
4006;yes
4007;yes
4008;yes
4009;yes
4010;yes
4011;yes
4027;yes
4028;yes
4032;yes
4036;yes
4064;yes
4074;yes
4077;yes
4080;yes
4082;yes
4109;yes
4127;yes
4142;yes
4185;yes
4194;yes
4214;yes
4218;yes
4221;yes
4246;yes
4252;yes
4254;yes
4265;yes
4271;yes
4280;yes
4311;yes
4312;yes
4313;yes
4319;yes
4330;yes
4335;yes
4337;yes
4339;yes
4354;yes
4365;yes
4366;yes
4371;yes
4377;yes
4379;yes
4387;yes
4390;yes
4413;yes
4414;yes
4425;yes
4441;yes
4443;yes
4485;yes
4494;yes
4495;yes
4523;yes
4524;yes
4526;yes
4532;yes
4535;yes
4536;yes
4550;yes
4551;yes
4552;yes
4553;yes
4554;yes
4565;yes
4578;yes
4593;yes
4602;yes
4603;yes
4605;yes
4610;yes
4618;yes
4619;yes
4628;yes
4634;yes
4635;yes
4663;yes
4681;yes
4716;yes
4720;yes
4741;yes
4742;yes
4750;yes
4754;yes
4756;yes
4770;yes
4772;yes
4773;yes
4775;yes
4792;yes
4805;yes
4806;yes
4809;yes
4815;yes
4822;yes
4825;yes
4827;yes
4830;yes
4838;yes
4839;yes
4846;yes
4860;yes
4861;yes
4862;yes
4863;yes
4872;yes
4902;yes
4905;yes
4906;yes
4918;yes
4932;yes
4948;yes
4950;yes
4954;yes
4958;yes
4959;yes
4961;yes
4969;yes
4973;yes
4981;yes
4984;yes
4990;yes
4995;yes
5006;yes
5011;yes
5021;yes
5032;yes
5033;yes
5034;yes
5046;yes
5062;yes
5063;yes
5064;yes
5065;yes
5067;yes
5068;yes
5119;yes
5125;yes
5153;yes
5154;yes
5156;yes
5157;yes
5163;yes
5168;yes
5175;yes
5182;yes
5195;yes
5200;yes
5203;yes
5205;yes
5206;yes
5208;yes
5212;yes
5231;yes
5237;yes
5242;yes
5251;yes
5263;yes
5266;yes
5267;yes
5268;yes
5274;yes
5275;yes
5285;yes
5286;yes
5288;yes
5291;yes
5295;yes
5301;yes
5303;yes
5311;yes
5317;yes
5319;yes
5333;yes
5355;yes
5366;yes
5368;yes
5375;yes
5380;yes
5381;yes
5385;yes
5425;yes
5428;yes
5439;yes
5443;yes
5454;yes
5581;yes
5586;yes
5592;yes
5603;yes
5612;yes
5613;yes
5626;yes
5643;yes
5654;yes
5687;yes
5706;yes
5727;yes
5737;yes
5755;yes
5761;yes
5883;yes
5947;yes
5964;yes
5979;yes
5998;yes
6003;yes
6020;yes
6032;yes
6050;yes
6071;yes
6100;yes
6114;yes
6145;yes
6176;yes
6178;yes
6222;yes
6274;yes
6337;yes
6340;yes
6369;yes
6550;yes
6605;yes
6844;yes
6888;yes
6900;yes
6911;yes
6937;yes
6939;yes
6960;yes
7046;yes
7081;yes
7108;yes
7109;yes
7112;yes
7277;yes
7288;yes
7290;yes
7295;yes
7454;yes
7489;yes
7526;yes
7838;yes
7860;yes
7923;yes
7929;yes
8082;yes
8097;yes
8099;yes
8174;yes
8176;yes
8239;yes
8259;yes
8297;yes
8344;yes
8349;yes
8377;yes
8378;yes
8413;yes
8524;yes
8566;yes
8599;yes
8651;yes
8669;yes
8690;yes
9127;yes
9177;yes
9216;yes
9252;yes
9488;yes
9585;yes
9630;yes
9738;yes
9803;yes
9947;yes
9976;yes
9985;yes
10034;yes
10139;yes
10166;yes
10188;yes
10194;yes
10220;yes
10221;yes
10222;yes
10338;yes
10350;yes
10376;yes
10409;yes
10428;yes
10493;yes
10553;yes
10573;yes
10576;yes
10584;yes
10677;yes
10824;yes
10836;yes
10837;yes
10852;yes
10853;yes
10898;yes
10937;yes
10967;yes
10976;yes
11050;yes
11077;yes
11118;yes
11128;yes
11143;yes
11147;yes
11157;yes
11164;yes
11194;yes
11208;yes
11230;yes
11302;yes
11304;yes
11325;yes
11331;yes
11370;yes
11377;yes
11428;yes
11566;yes
11753;yes
12031;yes
12051;yes
12052;yes
12100;yes
12145;yes
12173;yes
12297;yes
12301;yes
12324;yes
12346;yes
12368;yes
12378;yes
12412;yes
12492;yes
12527;yes
12529;yes
12577;yes
12613;yes
12635;yes
12648;yes
12730;yes
12775;yes
12874;yes
12893;yes
12915;yes
12930;yes
12936;yes
12959;yes
12969;yes
12971;yes
12990;yes
12994;yes
13076;yes
13078;yes
13088;yes
13089;yes
13096;yes
13100;yes
13116;yes
13137;yes
13139;yes
13148;yes
13243;yes
13303;yes
13383;yes
13397;yes
13408;yes
13527;yes
13539;yes
13544;yes
13546;yes
13554;yes
13590;yes
13622;yes
13642;yes
13645;yes
13739;yes
13767;yes
13859;yes
13940;yes
14033;yes
14045;yes
14068;yes
14165;yes
14180;yes
14304;yes
14351;yes
14399;yes
14407;yes
14427;yes
14468;yes
14481;yes
14482;yes
14485;yes
14486;yes
14499;yes
14517;yes
14547;yes
14567;yes
14596;yes
14612;yes
14618;yes
14651;yes
14658;yes
14682;yes
14699;yes
14707;yes
14725;yes
14752;yes
14803;yes
14814;yes
14815;yes
14913;yes
14932;yes
14936;yes
14975;yes
15012;yes
15051;yes
15100;yes
15101;yes
15139;yes
15144;yes
15275;yes
15311;yes
15358;yes
15360;yes
15386;yes
15494;yes
15498;yes
15525;yes
15533;yes
15575;yes
15646;yes
15720;yes
15753;yes
15789;yes
15810;yes
15843;yes
15853;yes
15984;yes
15985;yes
16008;yes
16018;yes
16223;yes
16271;yes
16331;yes
16447;yes
16464;yes
16477;yes
16488;yes
16507;yes
16512;yes
16526;yes
16582;yes
16644;yes
16693;yes
16694;yes
16720;yes
16797;yes
16836;yes
16934;yes
16962;yes
17020;yes
17027;yes
17036;yes
17041;yes
17109;yes
17160;yes
17190;yes
17192;yes
17193;yes
17194;yes
17271;yes
17290;yes
17430;yes
17455;yes
17475;yes
17496;yes
17499;yes
17501;yes
17546;yes
17555;yes
17573;yes
17580;yes
17609;yes
17639;yes
17713;yes
17735;yes
17801;yes
17813;yes
17914;yes
17927;yes
17957;yes
17984;yes
18007;yes
18012;yes
18014;yes
18044;yes
18088;yes
18128;yes
18222;yes
18267;yes
18331;yes
18372;yes
18398;yes
18452;yes
18453;yes
18489;yes
18491;yes
18569;yes
18650;yes
18673;yes
18683;yes
18803;yes
18845;yes
18955;yes
18971;yes
19197;yes
19266;yes
19267;yes
19271;yes
19287;yes
19421;yes
19441;yes
19450;yes
19477;yes
19588;yes
19687;yes
19748;yes
19754;yes
19835;yes
19842;yes
19890;yes
19899;yes
19900;yes
19961;yes
19985;yes
20076;yes
20209;yes
20247;yes
20257;yes
20281;yes
20338;yes
20343;yes
20567;yes
20585;yes
20666;yes
20734;yes
20762;yes
20836;yes
20989;yes
21063;yes
21113;yes
21119;yes
21123;yes
21151;yes
21215;yes
21229;yes
21241;yes
21329;yes
21334;yes
21343;yes
21418;yes
21429;yes
21497;yes
21504;yes
21515;yes
21740;yes
21747;yes
21762;yes
21779;yes
21883;yes
21937;yes
21949;yes
22042;yes
22131;yes
22161;yes
22212;yes
22317;yes
22318;yes
22329;yes
22367;yes
22384;yes
22385;yes
22397;yes
22415;yes
22417;yes
22419;yes
22537;yes
22565;yes
22581;yes
22602;yes
22616;yes
22672;yes
22749;yes
22755;yes
22857;yes
22861;yes
22908;yes
22934;yes
22970;yes
23017;yes
23073;yes
23080;yes
23189;yes
23210;yes
23216;yes
23248;yes
23293;yes
23311;yes
23317;yes
23326;yes
23332;yes
23360;yes
23397;yes
23471;yes
23490;yes
23495;yes
23544;yes
23564;yes
23573;yes
23656;yes
23671;yes
23784;yes
23801;yes
23813;yes
24056;yes
24113;yes
24247;yes
24279;yes
24292;yes
24317;yes
24338;yes
24354;yes
24420;yes
24441;yes
24458;yes
24497;yes
24528;yes
24566;yes
24601;yes
24614;yes
24663;yes
24680;yes
24692;yes
24752;yes
24753;yes
24803;yes
24829;yes
24850;yes
24858;yes
24876;yes
24952;yes
24957;yes
24958;yes
24972;yes
24976;yes
24977;yes
24999;yes
25209;yes
25261;yes
25277;yes
25351;yes
25444;yes
25467;yes
25622;yes
25623;yes
25626;yes
25628;yes
25733;yes
25736;yes
25737;yes
25742;yes
25744;yes
25852;yes
25881;yes
25938;yes
26055;yes
26177;yes
26315;yes
26327;yes
26368;yes
26399;yes
26414;yes
26444;yes
26454;yes
26486;yes
26612;yes
26699;yes
26712;yes
26758;yes
26772;yes
26865;yes
26986;yes
26988;yes
27008;yes
27039;yes
27092;yes
27108;yes
27115;yes
27136;yes
27143;yes
27166;yes
27180;yes
27183;yes
27285;yes
27391;yes
27437;yes
27468;yes
27470;yes
27471;yes
27565;yes
27576;yes
27599;yes
27629;yes
27630;yes
27633;yes
27752;yes
27889;yes
27914;yes
27960;yes
28145;yes
28214;yes
28253;yes
28347;yes
28398;yes
28406;yes
28450;yes
28454;yes
28491;yes
28503;yes
28508;yes
28520;yes
28521;yes
28573;yes
28588;yes
28605;yes
28625;yes
28626;yes
28665;yes
28738;yes
28889;yes
28895;yes
28904;yes
28937;yes
28990;yes
29019;yes
29028;yes
29123;yes
29149;yes
29185;yes
29210;yes
29220;yes
29229;yes
29245;yes
29246;yes
29254;yes
29343;yes
29475;yes
29555;yes
29574;yes
29597;yes
29632;yes
29685;yes
29714;yes
29769;yes
29808;yes
29850;yes
29866;yes
29884;yes
29904;yes
30009;yes
30010;yes
30080;yes
30138;yes
30163;yes
30174;yes
30204;yes
30206;yes
30212;yes
30229;yes
30254;yes
30257;yes
30258;yes
30276;yes
30277;yes
30278;yes
30331;yes
30354;yes
30384;yes
30391;yes
30405;yes
30411;yes
30417;yes
30420;yes
30425;yes
30427;yes
30432;yes
30448;yes
30488;yes
30496;yes
30514;yes
30516;yes
30524;yes
30544;yes
30595;yes
30597;yes
30604;yes
30637;yes
30639;yes
30666;yes
30721;yes
30729;yes
30733;yes
30734;yes
30746;yes
30773;yes
30801;yes
30863;yes
30890;yes
30892;yes
30895;yes
30896;yes
30901;yes
30914;yes
30915;yes
30973;yes
31014;yes
31050;yes
31162;yes
31237;yes
31364;yes
31395;yes
31448;yes
31450;yes
31452;yes
31459;yes
31524;yes
31528;yes
31539;yes
31543;yes
31670;yes
31687;yes
31779;yes
31805;yes
31879;yes
31916;yes
31936;yes
32024;yes
32029;yes
32042;yes
32098;yes
32112;yes
32114;yes
32164;yes
32165;yes
32251;yes
32253;yes
32264;yes
32338;yes
32370;yes
32389;yes
32391;yes
32399;yes
32427;yes
32447;yes
32476;yes
32484;yes
32503;yes
32528;yes
32663;yes
32683;yes
32714;yes
32744;yes
32772;yes
32800;yes
32823;yes
32892;yes
32902;yes
33005;yes
33028;yes
33130;yes
33202;yes
33204;yes
33305;yes
33351;yes
33360;yes
33361;yes
33391;yes
33435;yes
33473;yes
33505;yes
33529;yes
33534;yes
33558;yes
33604;yes
33640;yes
33652;yes
33690;yes
33756;yes
33790;yes
33846;yes
33852;yes
33960;yes
33993;yes
34076;yes
34114;yes
34185;yes
34229;yes
34236;yes
34239;yes
34256;yes
34319;yes
34344;yes
34370;yes
34384;yes
34443;yes
34454;yes
34523;yes
34559;yes
34584;yes
34587;yes
34605;yes
34618;yes
34658;yes
34674;yes
34685;yes
34686;yes
34697;yes
34709;yes
34747;yes
34761;yes
34776;yes
34781;yes
34799;yes
34815;yes
34871;yes
34904;yes
34925;yes
34929;yes
34937;yes
34939;yes
34941;yes
34951;yes
34953;yes
34971;yes
35094;yes
35106;yes
35216;yes
35217;yes
35227;yes
35257;yes
35303;yes
35308;yes
35318;yes
35359;yes
35377;yes
35394;yes
35403;yes
35428;yes
35444;yes
35459;yes
35511;yes
35518;yes
35525;yes
35527;yes
35548;yes
35549;yes
35564;yes
35600;yes
35632;yes
35667;yes
35724;yes
35729;yes
35823;yes
35883;yes
35919;yes
35936;yes
35949;yes
35989;yes
35991;yes
36006;yes
36080;yes
36081;yes
36174;yes
36194;yes
36254;yes
36285;yes
36300;yes
36326;yes
36348;yes
36386;yes
36413;yes
36427;yes
36443;yes
36460;yes
36471;yes
36518;yes
36521;yes
36584;yes
36602;yes
36614;yes
36629;yes
36645;yes
36674;yes
36706;yes
36731;yes
36757;yes
36769;yes
36803;yes
36827;yes
36913;yes
36963;yes
37025;yes
37083;yes
37097;yes
37101;yes
37117;yes
37249;yes
37290;yes
37307;yes
37314;yes
37330;yes
37335;yes
37350;yes
37353;yes
37370;yes
37386;yes
37626;yes
37628;yes
37638;yes
37641;yes
37669;yes
37696;yes
37700;yes
37723;yes
37729;yes
37733;yes
37734;yes
37736;yes
37781;yes
37791;yes
37821;yes
37824;yes
37825;yes
37829;yes
37859;yes
37864;yes
37866;yes
37873;yes
37896;yes
37909;yes
37961;yes
37981;yes
38030;yes
38037;yes
38046;yes
38075;yes
38096;yes
38098;yes
38145;yes
38154;yes
38161;yes
38177;yes
38206;yes
38354;yes
38418;yes
38421;yes
38452;yes
38490;yes
38506;yes
38517;yes
38526;yes
38530;yes
38586;yes
38589;yes
38601;yes
38614;yes
38653;yes
38724;yes
38727;yes
38896;yes
38912;yes
38946;yes
38986;yes
39000;yes
39025;yes
39067;yes
39070;yes
39093;yes
39097;yes
39104;yes
39141;yes
39211;yes
39273;yes
39279;yes
39308;yes
39319;yes
39324;yes
39364;yes
39373;yes
39444;yes
39464;yes
39478;yes
39488;yes
39489;yes
39494;yes
39581;yes
39620;yes
39633;yes
39642;yes
39662;yes
39720;yes
39733;yes
39760;yes
39839;yes
39844;yes
39949;yes
39955;yes
39971;yes
40025;yes
40032;yes
40034;yes
40050;yes
40051;yes
40061;yes
40088;yes
40096;yes
40104;yes
40110;yes
40132;yes
40160;yes
40177;yes
40179;yes
40203;yes
40288;yes
40289;yes
40295;yes
40302;yes
40367;yes
40370;yes
40442;yes
40460;yes
40514;yes
40563;yes
40574;yes
40577;yes
40585;yes
40588;yes
40678;yes
40681;yes
40698;yes
40706;yes
40718;yes
40719;yes
40735;yes
40736;yes
40742;yes
40744;yes
40760;yes
40761;yes
40782;yes
40793;yes
40799;yes
40800;yes
40804;yes
40806;yes
40812;yes
40849;yes
40867;yes
40877;yes
40878;yes
40892;yes
40894;yes
40908;yes
40921;yes
40945;yes
40950;yes
40957;yes
40979;yes
41058;yes
41071;yes
41092;yes
41146;yes
41187;yes
41197;yes
41226;yes
41259;yes
41399;yes
41413;yes
41432;yes
41462;yes
41511;yes
41522;yes
41534;yes
41539;yes
41548;yes
41569;yes
41586;yes
41594;yes
41595;yes
41618;yes
41622;yes
41653;yes
41685;yes
41686;yes
41737;yes
41763;yes
41795;yes
41856;yes
41909;yes
41927;yes
41938;yes
41976;yes
41982;yes
41990;yes
42015;yes
42074;yes
42121;yes
42139;yes
42191;yes
42202;yes
42224;yes
42228;yes
42246;yes
42298;yes
42393;yes
42445;yes
42462;yes
42485;yes
42528;yes
42532;yes
42534;yes
42556;yes
42667;yes
42697;yes
42710;yes
42725;yes
