10020;gpl
10022;gpl
10034;gpl
10041;gpl
10054;gpl
10056;gpl
10059;gpl
10069;gpl
10111;gpl
10129;gpl
10139;gpl
10142;gpl
10165;gpl
10166;gpl
10177;gpl
10194;gpl
10209;gpl
10210;gpl
10220;gpl
10222;gpl
10225;gpl
10227;gpl
10236;gpl
10241;gpl
10246;gpl
10248;gpl
10249;gpl
10275;gpl
10278;gpl
10279;gpl
10289;gpl
10291;gpl
10308;gpl
10310;gpl
10337;gpl
10338;gpl
10339;gpl
10350;gpl
10355;gpl
10369;gpl
10409;gpl
10412;gpl
10414;gpl
10428;gpl
10429;gpl
10482;gpl
10486;gpl
10493;gpl
10499;gpl
10500;gpl
10505;gpl
10535;gpl
10536;gpl
10540;gpl
10543;gpl
10547;gpl
10549;gpl
10552;gpl
10553;gpl
10558;gpl
10565;gpl
10573;gpl
10576;gpl
10585;gpl
10641;gpl
10657;gpl
10667;gpl
10668;gpl
10677;gpl
10692;gpl
10729;gpl
10742;gpl
10758;gpl
10761;gpl
10765;gpl
10774;gpl
10782;gpl
10783;gpl
10794;gpl
10795;gpl
10814;gpl
10836;gpl
10850;gpl
10857;gpl
10871;gpl
10876;gpl
10884;gpl
10896;gpl
10898;gpl
10937;gpl
10941;gpl
10945;gpl
10965;gpl
10966;gpl
10967;gpl
10968;gpl
10971;gpl
10974;gpl
10976;gpl
11010;gpl
11017;gpl
11020;gpl
11030;gpl
11038;gpl
11048;gpl
11060;gpl
11077;gpl
11091;gpl
11093;gpl
11098;gpl
11100;gpl
11119;gpl
11135;gpl
11136;gpl
11143;gpl
11158;gpl
11164;gpl
11211;gpl
11213;gpl
11214;gpl
11219;gpl
11265;gpl
11294;gpl
11302;gpl
11323;gpl
11366;gpl
11377;gpl
11401;gpl
11434;gpl
11440;gpl
11445;gpl
11972;gpl
11988;gpl
12007;gpl
12030;gpl
12034;gpl
12051;gpl
12070;gpl
12092;gpl
12100;gpl
12112;gpl
12118;gpl
12141;gpl
12144;gpl
12146;gpl
12149;gpl
12155;gpl
12161;gpl
12184;gpl
12189;gpl
12191;gpl
12192;gpl
12195;gpl
12200;gpl
12277;gpl
12289;gpl
12293;gpl
12297;gpl
12303;gpl
12324;gpl
12329;gpl
12350;gpl
12353;gpl
12356;gpl
12357;gpl
12364;gpl
12368;gpl
12377;gpl
12378;gpl
12383;gpl
12412;gpl
12426;gpl
12428;gpl
12433;gpl
12454;gpl
12467;gpl
12476;gpl
12482;gpl
12492;gpl
12526;gpl
12527;gpl
12529;gpl
12549;gpl
12561;gpl
12577;gpl
12613;gpl
12614;gpl
12648;gpl
12653;gpl
12655;gpl
12680;gpl
12703;gpl
12714;gpl
12719;gpl
12723;gpl
12730;gpl
12750;gpl
12754;gpl
12759;gpl
12766;gpl
12775;gpl
12799;gpl
12805;gpl
12809;gpl
12812;gpl
12830;gpl
12836;gpl
12841;gpl
12856;gpl
12874;gpl
12880;gpl
12893;gpl
12912;gpl
12915;gpl
12930;gpl
12936;gpl
12954;gpl
12956;gpl
12959;gpl
12969;gpl
12972;gpl
12976;gpl
12985;gpl
13016;gpl
13033;gpl
13065;gpl
13078;gpl
13089;gpl
13091;gpl
13096;gpl
13100;gpl
13109;gpl
13114;gpl
13116;gpl
13129;gpl
13139;gpl
13143;gpl
13149;gpl
13173;gpl
13175;gpl
13176;gpl
13177;gpl
13178;gpl
13195;gpl
13202;gpl
13220;gpl
13241;gpl
13243;gpl
13284;gpl
13292;gpl
13303;gpl
13309;gpl
13314;gpl
13347;gpl
13365;gpl
13368;gpl
13373;gpl
13374;gpl
13383;gpl
13395;gpl
13397;gpl
13403;gpl
13405;gpl
13406;gpl
13408;gpl
13461;gpl
13487;gpl
13510;gpl
13517;gpl
13532;gpl
13539;gpl
13546;gpl
13558;gpl
13566;gpl
13575;gpl
13585;gpl
13590;gpl
13622;gpl
13644;gpl
13645;gpl
13646;gpl
13658;gpl
13685;gpl
13689;gpl
13697;gpl
13711;gpl
13732;gpl
13735;gpl
13767;gpl
13768;gpl
13782;gpl
13819;gpl
13839;gpl
13840;gpl
13844;gpl
13846;gpl
13859;gpl
13932;gpl
13940;gpl
13963;gpl
13995;gpl
14034;gpl
14035;gpl
14037;gpl
14041;gpl
14096;gpl
14116;gpl
14129;gpl
14132;gpl
14142;gpl
14146;gpl
14165;gpl
14171;gpl
14174;gpl
14190;gpl
14193;gpl
14206;gpl
14207;gpl
14246;gpl
14260;gpl
14286;gpl
14302;gpl
14304;gpl
14313;gpl
14318;gpl
14351;gpl
14395;gpl
14399;gpl
14406;gpl
14407;gpl
14408;gpl
14427;gpl
14445;gpl
14460;gpl
14463;gpl
14467;gpl
14472;gpl
14481;gpl
14482;gpl
14485;gpl
14486;gpl
14504;gpl
14510;gpl
14512;gpl
14515;gpl
14517;gpl
14523;gpl
14542;gpl
14558;gpl
14560;gpl
14567;gpl
14596;gpl
14599;gpl
14631;gpl
14647;gpl
14658;gpl
14663;gpl
14664;gpl
14665;gpl
14667;gpl
14673;gpl
14682;gpl
14687;gpl
14693;gpl
14707;gpl
14711;gpl
14725;gpl
14728;gpl
14733;gpl
14752;gpl
14759;gpl
14770;gpl
14803;gpl
14806;gpl
14826;gpl
14854;gpl
14859;gpl
14865;gpl
14867;gpl
14884;gpl
14913;gpl
14924;gpl
14928;gpl
14932;gpl
14936;gpl
14963;gpl
14995;gpl
15001;gpl
15003;gpl
15012;gpl
15014;gpl
15017;gpl
15022;gpl
15023;gpl
15040;gpl
15051;gpl
15070;gpl
15098;gpl
15100;gpl
15139;gpl
15162;gpl
15165;gpl
15186;gpl
15192;gpl
15204;gpl
15218;gpl
15231;gpl
15255;gpl
15263;gpl
15275;gpl
15276;gpl
15288;gpl
15308;gpl
15329;gpl
15352;gpl
15355;gpl
15360;gpl
15376;gpl
15382;gpl
15383;gpl
15397;gpl
15401;gpl
15457;gpl
15470;gpl
15475;gpl
15491;gpl
15494;gpl
15517;gpl
15520;gpl
15525;gpl
15533;gpl
15536;gpl
15544;gpl
15574;gpl
15598;gpl
15605;gpl
15617;gpl
15623;gpl
15624;gpl
15629;gpl
15679;gpl
15706;gpl
15711;gpl
15714;gpl
15720;gpl
15737;gpl
15758;gpl
15767;gpl
15786;gpl
15789;gpl
15810;gpl
15814;gpl
15820;gpl
15839;gpl
15847;gpl
15880;gpl
15901;gpl
15902;gpl
15923;gpl
15950;gpl
15980;gpl
16018;gpl
16028;gpl
16035;gpl
16140;gpl
16148;gpl
16158;gpl
16166;gpl
16197;gpl
16205;gpl
16222;gpl
16244;gpl
16264;gpl
16280;gpl
16294;gpl
16323;gpl
16345;gpl
16350;gpl
16385;gpl
16401;gpl
16443;gpl
16477;gpl
16488;gpl
16500;gpl
16515;gpl
16563;gpl
16580;gpl
16582;gpl
16591;gpl
16597;gpl
16638;gpl
16643;gpl
16644;gpl
16655;gpl
16662;gpl
16665;gpl
16673;gpl
16676;gpl
16702;gpl
16715;gpl
16718;gpl
16720;gpl
16783;gpl
16797;gpl
16803;gpl
16809;gpl
16833;gpl
16836;gpl
16864;gpl
16911;gpl
16934;gpl
16947;gpl
16956;gpl
16974;gpl
16986;gpl
16994;gpl
17004;gpl
17005;gpl
17013;gpl
17014;gpl
17019;gpl
17032;gpl
17036;gpl
17041;gpl
17076;gpl
17083;gpl
17105;gpl
17116;gpl
17126;gpl
17137;gpl
17152;gpl
17156;gpl
17160;gpl
17179;gpl
17183;gpl
17185;gpl
17190;gpl
17192;gpl
17193;gpl
17194;gpl
17208;gpl
17245;gpl
17249;gpl
17265;gpl
17271;gpl
17290;gpl
17332;gpl
17367;gpl
17371;gpl
17387;gpl
17412;gpl
17430;gpl
17437;gpl
17452;gpl
17457;gpl
17475;gpl
17480;gpl
17499;gpl
17502;gpl
17510;gpl
17515;gpl
17532;gpl
17546;gpl
17555;gpl
17580;gpl
17593;gpl
17609;gpl
17611;gpl
17621;gpl
17638;gpl
17639;gpl
17688;gpl
17713;gpl
17735;gpl
17758;gpl
17759;gpl
17772;gpl
17802;gpl
17804;gpl
17814;gpl
17818;gpl
17832;gpl
17874;gpl
17884;gpl
17913;gpl
17914;gpl
17916;gpl
17917;gpl
17927;gpl
17938;gpl
17950;gpl
17958;gpl
17979;gpl
17984;gpl
18007;gpl
18020;gpl
18026;gpl
18044;gpl
18049;gpl
18063;gpl
18085;gpl
18098;gpl
18128;gpl
18142;gpl
18146;gpl
18149;gpl
18170;gpl
18197;gpl
18211;gpl
18213;gpl
18222;gpl
18226;gpl
18251;gpl
18253;gpl
18257;gpl
18260;gpl
18264;gpl
18299;gpl
18310;gpl
18331;gpl
18332;gpl
18342;gpl
18372;gpl
18398;gpl
18438;gpl
18440;gpl
18441;gpl
18464;gpl
18489;gpl
18490;gpl
18491;gpl
18534;gpl
18543;gpl
18567;gpl
18573;gpl
18581;gpl
18584;gpl
18588;gpl
18589;gpl
18604;gpl
18620;gpl
18627;gpl
18635;gpl
18650;gpl
18653;gpl
18673;gpl
18682;gpl
18700;gpl
18716;gpl
18727;gpl
18733;gpl
18791;gpl
18845;gpl
18852;gpl
18858;gpl
18870;gpl
18876;gpl
18880;gpl
18881;gpl
18883;gpl
18920;gpl
18941;gpl
18947;gpl
18948;gpl
18967;gpl
18971;gpl
18986;gpl
19021;gpl
19033;gpl
19048;gpl
19066;gpl
19078;gpl
19082;gpl
19086;gpl
19121;gpl
19171;gpl
19187;gpl
19197;gpl
19201;gpl
19264;gpl
19287;gpl
19322;gpl
19355;gpl
19360;gpl
19367;gpl
19409;gpl
19411;gpl
19427;gpl
19459;gpl
19489;gpl
19506;gpl
19510;gpl
19516;gpl
19552;gpl
19573;gpl
19576;gpl
19580;gpl
19581;gpl
19587;gpl
19596;gpl
19597;gpl
19652;gpl
19705;gpl
19797;gpl
19809;gpl
19813;gpl
19835;gpl
19841;gpl
19843;gpl
19847;gpl
19860;gpl
19876;gpl
19893;gpl
19900;gpl
19905;gpl
19919;gpl
19925;gpl
19937;gpl
19939;gpl
19942;gpl
19945;gpl
19949;gpl
19953;gpl
19979;gpl
19985;gpl
20024;gpl
20045;gpl
20047;gpl
20076;gpl
20079;gpl
20104;gpl
20193;gpl
20209;gpl
20247;gpl
20248;gpl
20249;gpl
20259;gpl
20279;gpl
20281;gpl
20333;gpl
20334;gpl
20338;gpl
20341;gpl
20343;gpl
20367;gpl
20373;gpl
20378;gpl
20413;gpl
20422;gpl
20441;gpl
20447;gpl
20480;gpl
20492;gpl
20501;gpl
20502;gpl
20506;gpl
20518;gpl
20554;gpl
20567;gpl
20575;gpl
20584;gpl
20585;gpl
20628;gpl
20674;gpl
20683;gpl
20688;gpl
20694;gpl
20709;gpl
20721;gpl
20725;gpl
20734;gpl
20740;gpl
20742;gpl
20766;gpl
20769;gpl
20778;gpl
20814;gpl
20829;gpl
20870;gpl
20885;gpl
20888;gpl
20905;gpl
20917;gpl
20918;gpl
20924;gpl
20970;gpl
20987;gpl
20989;gpl
21003;gpl
21011;gpl
21021;gpl
21022;gpl
21027;gpl
21031;gpl
21063;gpl
21065;gpl
21067;gpl
21083;gpl
21084;gpl
21089;gpl
21097;gpl
21119;gpl
21123;gpl
21140;gpl
21144;gpl
21151;gpl
21153;gpl
21162;gpl
21188;gpl
21189;gpl
21190;gpl
21218;gpl
21229;gpl
21230;gpl
21233;gpl
21252;gpl
21253;gpl
21273;gpl
21301;gpl
21302;gpl
21329;gpl
21343;gpl
21344;gpl
21363;gpl
21380;gpl
21403;gpl
21407;gpl
21409;gpl
21418;gpl
21457;gpl
21476;gpl
21489;gpl
21490;gpl
21492;gpl
21497;gpl
21504;gpl
21507;gpl
21509;gpl
21515;gpl
21529;gpl
21544;gpl
21551;gpl
21559;gpl
21583;gpl
21613;gpl
21616;gpl
21639;gpl
21644;gpl
21662;gpl
21663;gpl
21665;gpl
21666;gpl
21668;gpl
21669;gpl
21670;gpl
21673;gpl
21677;gpl
21692;gpl
21704;gpl
21721;gpl
21736;gpl
21740;gpl
21758;gpl
21763;gpl
21766;gpl
21771;gpl
21782;gpl
21783;gpl
21784;gpl
21811;gpl
21835;gpl
21836;gpl
21848;gpl
21882;gpl
21897;gpl
21899;gpl
21914;gpl
21937;gpl
21949;gpl
21953;gpl
21961;gpl
21987;gpl
22020;gpl
22042;gpl
22057;gpl
22058;gpl
22077;gpl
22086;gpl
22107;gpl
22116;gpl
22118;gpl
22119;gpl
22120;gpl
22125;gpl
22131;gpl
22138;gpl
22158;gpl
22173;gpl
22212;gpl
22213;gpl
22243;gpl
22253;gpl
22297;gpl
22312;gpl
22317;gpl
22318;gpl
22319;gpl
22329;gpl
22335;gpl
22345;gpl
22358;gpl
22361;gpl
22367;gpl
22371;gpl
22381;gpl
22383;gpl
22384;gpl
22385;gpl
22394;gpl
22397;gpl
22402;gpl
22415;gpl
22417;gpl
22464;gpl
22468;gpl
22472;gpl
22482;gpl
22502;gpl
22537;gpl
22557;gpl
22565;gpl
22572;gpl
22581;gpl
22586;gpl
22602;gpl
22613;gpl
22619;gpl
22629;gpl
22650;gpl
22668;gpl
22681;gpl
22687;gpl
22691;gpl
22713;gpl
22760;gpl
22774;gpl
22789;gpl
22837;gpl
22856;gpl
22857;gpl
22877;gpl
22927;gpl
22930;gpl
22948;gpl
22967;gpl
22970;gpl
22979;gpl
22992;gpl
22993;gpl
22998;gpl
23007;gpl
23017;gpl
23073;gpl
23080;gpl
23086;gpl
23114;gpl
23120;gpl
23121;gpl
23189;gpl
23193;gpl
23210;gpl
23214;gpl
23216;gpl
23240;gpl
23246;gpl
23247;gpl
23255;gpl
23256;gpl
23260;gpl
23261;gpl
23269;gpl
23302;gpl
23304;gpl
23311;gpl
23315;gpl
23316;gpl
23319;gpl
23320;gpl
23332;gpl
23356;gpl
23359;gpl
23360;gpl
23372;gpl
23388;gpl
23389;gpl
23396;gpl
23398;gpl
23404;gpl
23409;gpl
23421;gpl
23446;gpl
23449;gpl
23471;gpl
23476;gpl
23490;gpl
23520;gpl
23547;gpl
23564;gpl
23573;gpl
23584;gpl
23588;gpl
23610;gpl
23615;gpl
23625;gpl
23627;gpl
23634;gpl
23683;gpl
23684;gpl
23747;gpl
23779;gpl
23784;gpl
23785;gpl
23796;gpl
23801;gpl
23807;gpl
23808;gpl
23810;gpl
23813;gpl
23820;gpl
23823;gpl
23842;gpl
23845;gpl
23855;gpl
23874;gpl
23879;gpl
23894;gpl
23918;gpl
23920;gpl
23924;gpl
23934;gpl
23937;gpl
23949;gpl
23979;gpl
23997;gpl
24007;gpl
24037;gpl
24061;gpl
24069;gpl
24074;gpl
24094;gpl
24095;gpl
24102;gpl
24112;gpl
24113;gpl
24162;gpl
24176;gpl
24182;gpl
24188;gpl
24204;gpl
24207;gpl
24208;gpl
24209;gpl
24227;gpl
24244;gpl
24247;gpl
24269;gpl
24278;gpl
24279;gpl
24292;gpl
24314;gpl
24317;gpl
24334;gpl
24341;gpl
24354;gpl
24365;gpl
24366;gpl
24369;gpl
24376;gpl
24385;gpl
24407;gpl
24420;gpl
24428;gpl
24442;gpl
24450;gpl
24464;gpl
24465;gpl
24475;gpl
24477;gpl
24478;gpl
24495;gpl
24497;gpl
24517;gpl
24528;gpl
24530;gpl
24545;gpl
24566;gpl
24581;gpl
24582;gpl
24601;gpl
24603;gpl
24612;gpl
24622;gpl
24660;gpl
24673;gpl
24680;gpl
24688;gpl
24692;gpl
24706;gpl
24739;gpl
24752;gpl
24753;gpl
24760;gpl
24761;gpl
24773;gpl
24792;gpl
24803;gpl
24805;gpl
24808;gpl
24819;gpl
24829;gpl
24840;gpl
24843;gpl
24850;gpl
24855;gpl
24858;gpl
24870;gpl
24877;gpl
24944;gpl
24952;gpl
24953;gpl
24961;gpl
24976;gpl
24977;gpl
24996;gpl
24997;gpl
25004;gpl
25012;gpl
25039;gpl
25054;gpl
25062;gpl
25067;gpl
25069;gpl
25077;gpl
25092;gpl
25093;gpl
25106;gpl
25115;gpl
25138;gpl
25175;gpl
25179;gpl
25189;gpl
25192;gpl
25238;gpl
25248;gpl
25277;gpl
25279;gpl
25359;gpl
25365;gpl
25396;gpl
25441;gpl
25444;gpl
25447;gpl
25450;gpl
25467;gpl
25489;gpl
25509;gpl
25613;gpl
25619;gpl
25621;gpl
25623;gpl
25628;gpl
25638;gpl
25640;gpl
25662;gpl
25678;gpl
25682;gpl
25705;gpl
25737;gpl
25742;gpl
25756;gpl
25832;gpl
25839;gpl
25843;gpl
25849;gpl
25881;gpl
25885;gpl
25889;gpl
25893;gpl
25898;gpl
25914;gpl
25915;gpl
25921;gpl
25965;gpl
25970;gpl
25975;gpl
25988;gpl
26002;gpl
26053;gpl
26074;gpl
26081;gpl
26085;gpl
26122;gpl
26133;gpl
26134;gpl
26138;gpl
26154;gpl
26155;gpl
26162;gpl
26171;gpl
26173;gpl
26177;gpl
26181;gpl
26184;gpl
26200;gpl
26208;gpl
26212;gpl
26233;gpl
26245;gpl
26275;gpl
26291;gpl
26306;gpl
26309;gpl
26315;gpl
26319;gpl
26320;gpl
26327;gpl
26339;gpl
26342;gpl
26360;gpl
26366;gpl
26367;gpl
26373;gpl
26374;gpl
26381;gpl
26400;gpl
26402;gpl
26403;gpl
26408;gpl
26413;gpl
26435;gpl
26451;gpl
26454;gpl
26456;gpl
26469;gpl
26486;gpl
26501;gpl
26505;gpl
26518;gpl
26532;gpl
26533;gpl
26549;gpl
26570;gpl
26605;gpl
26606;gpl
26612;gpl
26623;gpl
26630;gpl
26637;gpl
26638;gpl
26699;gpl
26737;gpl
26742;gpl
26750;gpl
26758;gpl
26772;gpl
26777;gpl
26799;gpl
26803;gpl
26861;gpl
26865;gpl
26871;gpl
26902;gpl
26903;gpl
26915;gpl
26920;gpl
26932;gpl
26947;gpl
26955;gpl
26973;gpl
26976;gpl
26988;gpl
27000;gpl
27004;gpl
27035;gpl
27041;gpl
27068;gpl
27092;gpl
27108;gpl
27115;gpl
27131;gpl
27132;gpl
27138;gpl
27143;gpl
27146;gpl
27150;gpl
27158;gpl
27164;gpl
27169;gpl
27174;gpl
27180;gpl
27183;gpl
27187;gpl
27193;gpl
27218;gpl
27240;gpl
27248;gpl
27275;gpl
27284;gpl
27289;gpl
27305;gpl
27321;gpl
27328;gpl
27331;gpl
27346;gpl
27370;gpl
27389;gpl
27391;gpl
27393;gpl
27399;gpl
27414;gpl
27437;gpl
27466;gpl
27470;gpl
27471;gpl
27545;gpl
27561;gpl
27580;gpl
27581;gpl
27589;gpl
27599;gpl
27601;gpl
27651;gpl
27657;gpl
27676;gpl
27689;gpl
27716;gpl
27740;gpl
27748;gpl
27751;gpl
27753;gpl
27790;gpl
27796;gpl
27797;gpl
27811;gpl
27849;gpl
27850;gpl
27854;gpl
27889;gpl
27893;gpl
27914;gpl
27924;gpl
27938;gpl
27950;gpl
27960;gpl
27976;gpl
27978;gpl
27980;gpl
27981;gpl
27987;gpl
28010;gpl
28016;gpl
28036;gpl
28039;gpl
28046;gpl
28049;gpl
28076;gpl
28094;gpl
28101;gpl
28128;gpl
28130;gpl
28144;gpl
28145;gpl
28150;gpl
28163;gpl
28166;gpl
28172;gpl
28187;gpl
28191;gpl
28202;gpl
28214;gpl
28228;gpl
28249;gpl
28253;gpl
28269;gpl
28272;gpl
28285;gpl
28291;gpl
28297;gpl
28299;gpl
28307;gpl
28312;gpl
28346;gpl
28347;gpl
28357;gpl
28369;gpl
28375;gpl
28398;gpl
28406;gpl
28408;gpl
28422;gpl
28424;gpl
28428;gpl
28450;gpl
28454;gpl
28467;gpl
28476;gpl
28480;gpl
28508;gpl
28520;gpl
28521;gpl
28534;gpl
28541;gpl
28556;gpl
28562;gpl
28573;gpl
28585;gpl
28596;gpl
28597;gpl
28600;gpl
28605;gpl
28611;gpl
28616;gpl
28617;gpl
28625;gpl
28626;gpl
28635;gpl
28637;gpl
28648;gpl
28665;gpl
28716;gpl
28757;gpl
28791;gpl
28798;gpl
28805;gpl
28833;gpl
28839;gpl
28841;gpl
28842;gpl
28871;gpl
28884;gpl
28891;gpl
28939;gpl
28946;gpl
29006;gpl
29007;gpl
29011;gpl
29022;gpl
29028;gpl
29046;gpl
29081;gpl
29084;gpl
29096;gpl
29123;gpl
29133;gpl
29138;gpl
29143;gpl
29149;gpl
29182;gpl
29185;gpl
29186;gpl
29189;gpl
29210;gpl
29239;gpl
29243;gpl
29254;gpl
29266;gpl
29311;gpl
29346;gpl
29349;gpl
29375;gpl
29377;gpl
29383;gpl
29385;gpl
29399;gpl
29400;gpl
29404;gpl
29426;gpl
29434;gpl
29436;gpl
29467;gpl
29469;gpl
29475;gpl
29505;gpl
29507;gpl
29511;gpl
29517;gpl
29546;gpl
29573;gpl
29577;gpl
29579;gpl
29597;gpl
29614;gpl
29616;gpl
29632;gpl
29639;gpl
29647;gpl
29659;gpl
29662;gpl
29671;gpl
29676;gpl
29683;gpl
29685;gpl
29686;gpl
29698;gpl
29701;gpl
29710;gpl
29714;gpl
29732;gpl
29740;gpl
29748;gpl
29769;gpl
29772;gpl
29782;gpl
29784;gpl
29788;gpl
29808;gpl
29809;gpl
29827;gpl
29843;gpl
29850;gpl
29851;gpl
29853;gpl
29864;gpl
29866;gpl
29881;gpl
29884;gpl
29885;gpl
29904;gpl
29940;gpl
29950;gpl
29960;gpl
29971;gpl
30002;gpl
30009;gpl
30010;gpl
30020;gpl
30022;gpl
30040;gpl
30045;gpl
30052;gpl
30067;gpl
30068;gpl
30070;gpl
30078;gpl
30080;gpl
30087;gpl
30107;gpl
30108;gpl
30116;gpl
30128;gpl
30130;gpl
30138;gpl
30170;gpl
30201;gpl
30206;gpl
30210;gpl
30254;gpl
30273;gpl
30276;gpl
30278;gpl
30279;gpl
30280;gpl
30281;gpl
30282;gpl
30283;gpl
30299;gpl
30325;gpl
30328;gpl
30333;gpl
30336;gpl
30354;gpl
30384;gpl
30386;gpl
30391;gpl
30409;gpl
30417;gpl
30425;gpl
30427;gpl
30429;gpl
30430;gpl
30431;gpl
30432;gpl
30439;gpl
30444;gpl
30460;gpl
30472;gpl
30496;gpl
30503;gpl
30510;gpl
30524;gpl
30529;gpl
30530;gpl
30540;gpl
30542;gpl
30544;gpl
30556;gpl
30562;gpl
30572;gpl
30603;gpl
30604;gpl
30618;gpl
30637;gpl
30639;gpl
30640;gpl
30643;gpl
30666;gpl
30676;gpl
30690;gpl
30716;gpl
30719;gpl
30721;gpl
30729;gpl
30733;gpl
30734;gpl
30740;gpl
30741;gpl
30751;gpl
30756;gpl
30773;gpl
30778;gpl
30779;gpl
30816;gpl
30835;gpl
30837;gpl
30841;gpl
30876;gpl
30877;gpl
30885;gpl
30887;gpl
30893;gpl
30895;gpl
30914;gpl
30915;gpl
30928;gpl
30936;gpl
30945;gpl
30947;gpl
30964;gpl
30987;gpl
30995;gpl
31000;gpl
31011;gpl
31013;gpl
31014;gpl
31040;gpl
31047;gpl
31050;gpl
31053;gpl
31064;gpl
31073;gpl
31078;gpl
31091;gpl
31097;gpl
31116;gpl
31121;gpl
31131;gpl
31162;gpl
31171;gpl
31174;gpl
31176;gpl
31185;gpl
31200;gpl
31228;gpl
31229;gpl
31237;gpl
31243;gpl
31274;gpl
31284;gpl
31318;gpl
31339;gpl
31341;gpl
31342;gpl
31391;gpl
31392;gpl
31408;gpl
31411;gpl
31429;gpl
31439;gpl
31442;gpl
31443;gpl
31444;gpl
31446;gpl
31448;gpl
31450;gpl
31452;gpl
31458;gpl
31459;gpl
31487;gpl
31503;gpl
31519;gpl
31520;gpl
31521;gpl
31522;gpl
31523;gpl
31525;gpl
31526;gpl
31527;gpl
31529;gpl
31532;gpl
31533;gpl
31536;gpl
31537;gpl
31540;gpl
31543;gpl
31544;gpl
31546;gpl
31554;gpl
31558;gpl
31587;gpl
31591;gpl
31594;gpl
31596;gpl
31614;gpl
31620;gpl
31626;gpl
31656;gpl
31672;gpl
31676;gpl
31687;gpl
31689;gpl
31696;gpl
31699;gpl
31703;gpl
31739;gpl
31743;gpl
31746;gpl
31755;gpl
31760;gpl
31765;gpl
31770;gpl
31773;gpl
31775;gpl
31777;gpl
31789;gpl
31794;gpl
31800;gpl
31805;gpl
31817;gpl
31827;gpl
31828;gpl
31829;gpl
31834;gpl
31837;gpl
31844;gpl
31850;gpl
31852;gpl
31854;gpl
31879;gpl
31913;gpl
31931;gpl
31943;gpl
31954;gpl
31974;gpl
31981;gpl
32000;gpl
32008;gpl
32033;gpl
32039;gpl
32040;gpl
32042;gpl
32045;gpl
32047;gpl
32062;gpl
32063;gpl
32071;gpl
32076;gpl
32086;gpl
32091;gpl
32103;gpl
32112;gpl
32143;gpl
32155;gpl
32165;gpl
32179;gpl
32209;gpl
32211;gpl
32223;gpl
32227;gpl
32252;gpl
32253;gpl
32289;gpl
32295;gpl
32320;gpl
32338;gpl
32355;gpl
32388;gpl
32389;gpl
32391;gpl
32399;gpl
32401;gpl
32412;gpl
32413;gpl
32426;gpl
32427;gpl
32429;gpl
32445;gpl
32447;gpl
32451;gpl
32466;gpl
32476;gpl
32477;gpl
32487;gpl
32490;gpl
32497;gpl
32503;gpl
32511;gpl
32517;gpl
32525;gpl
32527;gpl
32528;gpl
32570;gpl
32589;gpl
32597;gpl
32610;gpl
32613;gpl
32623;gpl
32662;gpl
32665;gpl
32682;gpl
32683;gpl
32702;gpl
32703;gpl
32708;gpl
32712;gpl
32716;gpl
32717;gpl
32720;gpl
32744;gpl
32748;gpl
32771;gpl
32772;gpl
32778;gpl
32779;gpl
32780;gpl
32781;gpl
32785;gpl
32786;gpl
32787;gpl
32788;gpl
32800;gpl
32801;gpl
32818;gpl
32823;gpl
32825;gpl
32834;gpl
32859;gpl
32861;gpl
32862;gpl
32869;gpl
32881;gpl
32890;gpl
32892;gpl
32900;gpl
32901;gpl
32902;gpl
32908;gpl
32910;gpl
32925;gpl
32930;gpl
32942;gpl
32975;gpl
32980;gpl
32989;gpl
32992;gpl
32994;gpl
32998;gpl
33007;gpl
33013;gpl
33020;gpl
33022;gpl
33028;gpl
33040;gpl
33045;gpl
33076;gpl
33078;gpl
33094;gpl
33112;gpl
33120;gpl
33130;gpl
33147;gpl
33156;gpl
33165;gpl
33166;gpl
33185;gpl
33187;gpl
33194;gpl
33202;gpl
33204;gpl
33210;gpl
33213;gpl
33219;gpl
33220;gpl
33221;gpl
33222;gpl
33230;gpl
33233;gpl
33239;gpl
33240;gpl
33244;gpl
33257;gpl
33274;gpl
33286;gpl
33305;gpl
33308;gpl
33311;gpl
33334;gpl
33354;gpl
33356;gpl
33357;gpl
33381;gpl
33385;gpl
33387;gpl
33393;gpl
33402;gpl
33434;gpl
33435;gpl
33438;gpl
33446;gpl
33462;gpl
33463;gpl
33473;gpl
33474;gpl
33481;gpl
33483;gpl
33485;gpl
33490;gpl
33495;gpl
33534;gpl
33537;gpl
33542;gpl
33543;gpl
33547;gpl
33558;gpl
33570;gpl
33604;gpl
33607;gpl
33609;gpl
33622;gpl
33626;gpl
33636;gpl
33649;gpl
33652;gpl
33676;gpl
33682;gpl
33689;gpl
33690;gpl
33707;gpl
33722;gpl
33725;gpl
33743;gpl
33759;gpl
33770;gpl
33772;gpl
33787;gpl
33790;gpl
33791;gpl
33827;gpl
33834;gpl
33846;gpl
33852;gpl
33858;gpl
33909;gpl
33919;gpl
33921;gpl
33926;gpl
33932;gpl
33960;gpl
33979;gpl
33992;gpl
33993;gpl
34029;gpl
34035;gpl
34055;gpl
34065;gpl
34066;gpl
34067;gpl
34073;gpl
34076;gpl
34082;gpl
34097;gpl
34101;gpl
34109;gpl
34115;gpl
34125;gpl
34130;gpl
34154;gpl
34155;gpl
34162;gpl
34163;gpl
34181;gpl
34183;gpl
34185;gpl
34189;gpl
34216;gpl
34218;gpl
34229;gpl
34230;gpl
34239;gpl
34249;gpl
34256;gpl
34270;gpl
34285;gpl
34287;gpl
34290;gpl
34295;gpl
34299;gpl
34318;gpl
34336;gpl
34338;gpl
34344;gpl
34379;gpl
34380;gpl
34390;gpl
34408;gpl
34433;gpl
34454;gpl
34490;gpl
34519;gpl
34523;gpl
34527;gpl
34542;gpl
34559;gpl
34562;gpl
34568;gpl
34587;gpl
34590;gpl
34594;gpl
34596;gpl
34597;gpl
34605;gpl
3464;gpl
34644;gpl
34648;gpl
34649;gpl
34658;gpl
3467;gpl
3468;gpl
34685;gpl
34686;gpl
34694;gpl
34699;gpl
34700;gpl
34709;gpl
3471;gpl
3472;gpl
3473;gpl
34730;gpl
34735;gpl
34736;gpl
34747;gpl
34754;gpl
34758;gpl
34761;gpl
34763;gpl
34767;gpl
34769;gpl
34770;gpl
34774;gpl
34775;gpl
34776;gpl
34779;gpl
34780;gpl
34803;gpl
34815;gpl
34818;gpl
3482;gpl
34821;gpl
34824;gpl
34826;gpl
34828;gpl
3483;gpl
34831;gpl
34842;gpl
34844;gpl
34849;gpl
34851;gpl
34855;gpl
34858;gpl
34865;gpl
34866;gpl
34877;gpl
34881;gpl
3489;gpl
34897;gpl
34904;gpl
3492;gpl
34921;gpl
34926;gpl
34929;gpl
3493;gpl
34931;gpl
34935;gpl
34936;gpl
34937;gpl
34939;gpl
34944;gpl
34951;gpl
34953;gpl
34955;gpl
34964;gpl
34971;gpl
34972;gpl
34976;gpl
3498;gpl
34983;gpl
34986;gpl
34994;gpl
34995;gpl
3500;gpl
35003;gpl
35016;gpl
3503;gpl
35033;gpl
35039;gpl
35041;gpl
35054;gpl
35097;gpl
3510;gpl
35101;gpl
35105;gpl
35106;gpl
35110;gpl
35113;gpl
35133;gpl
3514;gpl
35142;gpl
35155;gpl
35156;gpl
3516;gpl
35162;gpl
35169;gpl
35175;gpl
3518;gpl
35190;gpl
35196;gpl
35198;gpl
3521;gpl
35212;gpl
3522;gpl
35220;gpl
35221;gpl
35257;gpl
3526;gpl
35262;gpl
35267;gpl
3527;gpl
35273;gpl
35279;gpl
35282;gpl
35283;gpl
3529;gpl
3530;gpl
35303;gpl
3531;gpl
35312;gpl
35318;gpl
3535;gpl
35352;gpl
35360;gpl
3537;gpl
35376;gpl
35377;gpl
35378;gpl
35389;gpl
35396;gpl
35403;gpl
35427;gpl
3543;gpl
35430;gpl
3544;gpl
35444;gpl
35459;gpl
35463;gpl
35464;gpl
35466;gpl
35467;gpl
35468;gpl
3547;gpl
35470;gpl
35471;gpl
35472;gpl
35485;gpl
35486;gpl
3549;gpl
35505;gpl
35522;gpl
35525;gpl
3553;gpl
35533;gpl
35546;gpl
35547;gpl
35548;gpl
35549;gpl
35557;gpl
35564;gpl
3558;gpl
35589;gpl
3559;gpl
35598;gpl
3560;gpl
35600;gpl
35605;gpl
3561;gpl
35610;gpl
35611;gpl
3562;gpl
35624;gpl
3563;gpl
35632;gpl
35636;gpl
3565;gpl
35651;gpl
35652;gpl
35653;gpl
3566;gpl
35662;gpl
35667;gpl
35671;gpl
35676;gpl
35680;gpl
35681;gpl
3569;gpl
35690;gpl
35700;gpl
35708;gpl
35709;gpl
35710;gpl
35721;gpl
35723;gpl
35724;gpl
35726;gpl
35727;gpl
35734;gpl
35735;gpl
35736;gpl
3574;gpl
35741;gpl
35743;gpl
35754;gpl
35767;gpl
35789;gpl
3581;gpl
35815;gpl
35818;gpl
35819;gpl
35826;gpl
35830;gpl
35832;gpl
35834;gpl
35838;gpl
35868;gpl
3587;gpl
35870;gpl
3588;gpl
35887;gpl
35890;gpl
35896;gpl
35900;gpl
35907;gpl
3591;gpl
35910;gpl
35916;gpl
35926;gpl
3593;gpl
35938;gpl
3594;gpl
35944;gpl
35949;gpl
3595;gpl
35950;gpl
3597;gpl
35971;gpl
35972;gpl
35978;gpl
35979;gpl
3598;gpl
35980;gpl
35989;gpl
35991;gpl
35992;gpl
35994;gpl
36001;gpl
36002;gpl
36006;gpl
36013;gpl
36017;gpl
36039;gpl
3604;gpl
36055;gpl
36058;gpl
36062;gpl
36068;gpl
3607;gpl
36071;gpl
36072;gpl
36108;gpl
36112;gpl
36113;gpl
36127;gpl
36129;gpl
36149;gpl
36151;gpl
36164;gpl
3618;gpl
3620;gpl
36209;gpl
3622;gpl
36220;gpl
36229;gpl
3623;gpl
36233;gpl
36237;gpl
36253;gpl
36278;gpl
36284;gpl
36285;gpl
36292;gpl
36293;gpl
36299;gpl
3630;gpl
36310;gpl
36313;gpl
36315;gpl
36325;gpl
36330;gpl
36348;gpl
36354;gpl
36356;gpl
36357;gpl
36358;gpl
36359;gpl
3636;gpl
36360;gpl
36374;gpl
36376;gpl
36381;gpl
36401;gpl
36404;gpl
36415;gpl
36416;gpl
36427;gpl
3644;gpl
36445;gpl
36449;gpl
3645;gpl
36459;gpl
36462;gpl
36464;gpl
36471;gpl
36476;gpl
36479;gpl
3649;gpl
36502;gpl
36503;gpl
36506;gpl
3651;gpl
36518;gpl
36519;gpl
36521;gpl
36523;gpl
36525;gpl
36526;gpl
36535;gpl
36581;gpl
36583;gpl
36584;gpl
36587;gpl
36591;gpl
36603;gpl
36608;gpl
36615;gpl
36616;gpl
36617;gpl
36620;gpl
36624;gpl
36631;gpl
36633;gpl
36650;gpl
3666;gpl
36669;gpl
36673;gpl
36674;gpl
36678;gpl
3668;gpl
36688;gpl
36693;gpl
36697;gpl
36699;gpl
36705;gpl
36706;gpl
36709;gpl
36719;gpl
36728;gpl
36731;gpl
3674;gpl
36740;gpl
36745;gpl
36747;gpl
36754;gpl
3676;gpl
36769;gpl
36773;gpl
36774;gpl
36779;gpl
3679;gpl
3680;gpl
36803;gpl
3682;gpl
36824;gpl
36828;gpl
36838;gpl
36840;gpl
36842;gpl
36843;gpl
36849;gpl
36852;gpl
36853;gpl
3686;gpl
36872;gpl
36874;gpl
3688;gpl
36891;gpl
36908;gpl
36932;gpl
36959;gpl
3696;gpl
36979;gpl
36981;gpl
36985;gpl
36993;gpl
36997;gpl
37028;gpl
37030;gpl
37034;gpl
37036;gpl
3704;gpl
37044;gpl
37055;gpl
37056;gpl
3706;gpl
37065;gpl
37074;gpl
37083;gpl
37087;gpl
37096;gpl
37097;gpl
37101;gpl
37105;gpl
3711;gpl
37112;gpl
37114;gpl
37117;gpl
37133;gpl
3714;gpl
37141;gpl
3715;gpl
37151;gpl
37166;gpl
3717;gpl
37170;gpl
37186;gpl
37187;gpl
37191;gpl
37192;gpl
37203;gpl
37205;gpl
3721;gpl
37218;gpl
37236;gpl
37243;gpl
37248;gpl
37249;gpl
3726;gpl
37265;gpl
3727;gpl
3728;gpl
37287;gpl
37289;gpl
3729;gpl
37291;gpl
37292;gpl
37293;gpl
37295;gpl
37297;gpl
37299;gpl
3730;gpl
37302;gpl
37311;gpl
37314;gpl
37326;gpl
37329;gpl
3733;gpl
37330;gpl
37335;gpl
37344;gpl
37345;gpl
37349;gpl
37350;gpl
3736;gpl
37370;gpl
37378;gpl
37384;gpl
3739;gpl
37393;gpl
37413;gpl
3742;gpl
37425;gpl
3743;gpl
37434;gpl
37435;gpl
37447;gpl
37452;gpl
37462;gpl
37470;gpl
3748;gpl
37487;gpl
37489;gpl
37493;gpl
37508;gpl
3751;gpl
3752;gpl
3753;gpl
37531;gpl
37532;gpl
37546;gpl
37554;gpl
3756;gpl
37567;gpl
3757;gpl
37573;gpl
37579;gpl
3760;gpl
37602;gpl
37603;gpl
37605;gpl
37606;gpl
37607;gpl
37608;gpl
37613;gpl
37614;gpl
37628;gpl
3763;gpl
37635;gpl
37641;gpl
37645;gpl
37648;gpl
37659;gpl
37666;gpl
37667;gpl
37669;gpl
37690;gpl
37700;gpl
37703;gpl
37709;gpl
37715;gpl
37723;gpl
37724;gpl
37729;gpl
37733;gpl
37734;gpl
37736;gpl
3774;gpl
37743;gpl
3775;gpl
37752;gpl
37761;gpl
3777;gpl
37782;gpl
37790;gpl
3782;gpl
37824;gpl
37825;gpl
37829;gpl
3783;gpl
37832;gpl
37837;gpl
37841;gpl
37846;gpl
37859;gpl
3786;gpl
37861;gpl
37866;gpl
37869;gpl
37870;gpl
37880;gpl
37884;gpl
37903;gpl
37909;gpl
37910;gpl
37911;gpl
37916;gpl
37917;gpl
37931;gpl
37937;gpl
37939;gpl
37940;gpl
37942;gpl
37946;gpl
37947;gpl
37958;gpl
37960;gpl
37961;gpl
37962;gpl
37965;gpl
3798;gpl
37986;gpl
37989;gpl
38003;gpl
3801;gpl
38028;gpl
38030;gpl
38033;gpl
38034;gpl
38037;gpl
38041;gpl
38042;gpl
38046;gpl
38061;gpl
38064;gpl
38065;gpl
38067;gpl
38079;gpl
3808;gpl
38083;gpl
38087;gpl
38095;gpl
38098;gpl
3810;gpl
38100;gpl
38115;gpl
38120;gpl
38122;gpl
38129;gpl
38140;gpl
38146;gpl
38147;gpl
38150;gpl
38151;gpl
38157;gpl
38160;gpl
38161;gpl
38162;gpl
38165;gpl
38166;gpl
38189;gpl
38190;gpl
38191;gpl
38193;gpl
38207;gpl
38209;gpl
38223;gpl
38225;gpl
38226;gpl
3823;gpl
38230;gpl
38231;gpl
38249;gpl
38268;gpl
38269;gpl
38271;gpl
38275;gpl
38276;gpl
38286;gpl
38287;gpl
3829;gpl
38299;gpl
38312;gpl
38318;gpl
38320;gpl
38326;gpl
38327;gpl
38330;gpl
38334;gpl
3835;gpl
3836;gpl
38372;gpl
3838;gpl
38381;gpl
38387;gpl
38389;gpl
38390;gpl
38409;gpl
38418;gpl
3842;gpl
38420;gpl
38421;gpl
3843;gpl
38432;gpl
38435;gpl
3844;gpl
38440;gpl
38442;gpl
38443;gpl
38446;gpl
38452;gpl
38459;gpl
3846;gpl
38468;gpl
38474;gpl
38476;gpl
38485;gpl
38486;gpl
38500;gpl
38502;gpl
38506;gpl
38511;gpl
38512;gpl
38526;gpl
3853;gpl
38530;gpl
38535;gpl
3854;gpl
38545;gpl
38549;gpl
38571;gpl
38572;gpl
3858;gpl
38580;gpl
38582;gpl
38590;gpl
38591;gpl
3860;gpl
38601;gpl
38607;gpl
3861;gpl
38611;gpl
38612;gpl
38614;gpl
38617;gpl
3862;gpl
38620;gpl
38621;gpl
38623;gpl
38634;gpl
38638;gpl
38639;gpl
38640;gpl
38653;gpl
38655;gpl
38656;gpl
3867;gpl
38675;gpl
38677;gpl
38678;gpl
38680;gpl
38681;gpl
38685;gpl
38689;gpl
38691;gpl
38695;gpl
38701;gpl
38702;gpl
38706;gpl
38713;gpl
38714;gpl
38715;gpl
38717;gpl
38718;gpl
38721;gpl
38729;gpl
38730;gpl
38746;gpl
38749;gpl
3875;gpl
38750;gpl
3876;gpl
38762;gpl
38763;gpl
38767;gpl
38768;gpl
3877;gpl
38770;gpl
38771;gpl
38779;gpl
38787;gpl
3879;gpl
38799;gpl
3880;gpl
38801;gpl
3881;gpl
38827;gpl
3884;gpl
38857;gpl
3886;gpl
38868;gpl
3887;gpl
3888;gpl
38882;gpl
38888;gpl
38889;gpl
38890;gpl
38912;gpl
3892;gpl
3893;gpl
38931;gpl
38938;gpl
3894;gpl
38941;gpl
38946;gpl
38966;gpl
38972;gpl
38974;gpl
38976;gpl
38986;gpl
38997;gpl
39014;gpl
39018;gpl
39026;gpl
39029;gpl
39038;gpl
3904;gpl
3905;gpl
39051;gpl
39056;gpl
39059;gpl
3906;gpl
39067;gpl
3907;gpl
39082;gpl
39085;gpl
3909;gpl
39094;gpl
39097;gpl
39099;gpl
39104;gpl
39121;gpl
39127;gpl
39158;gpl
39179;gpl
39181;gpl
39184;gpl
39197;gpl
39204;gpl
39216;gpl
39217;gpl
39220;gpl
39242;gpl
39244;gpl
39257;gpl
39258;gpl
3927;gpl
39278;gpl
39279;gpl
3928;gpl
39282;gpl
3929;gpl
39290;gpl
39292;gpl
3931;gpl
39310;gpl
39326;gpl
39330;gpl
39334;gpl
39335;gpl
3934;gpl
39340;gpl
39346;gpl
39347;gpl
39348;gpl
39349;gpl
3935;gpl
39367;gpl
39377;gpl
39379;gpl
39384;gpl
39387;gpl
39414;gpl
39424;gpl
39425;gpl
39426;gpl
39427;gpl
39430;gpl
39433;gpl
39444;gpl
39450;gpl
39451;gpl
39456;gpl
39458;gpl
39463;gpl
39464;gpl
39466;gpl
39467;gpl
39469;gpl
39475;gpl
39476;gpl
39484;gpl
39488;gpl
39489;gpl
39491;gpl
39494;gpl
39521;gpl
39523;gpl
39526;gpl
39555;gpl
39562;gpl
39569;gpl
39572;gpl
39578;gpl
39589;gpl
39593;gpl
39606;gpl
39607;gpl
39608;gpl
39609;gpl
39620;gpl
39639;gpl
39643;gpl
39660;gpl
39661;gpl
39662;gpl
39667;gpl
39671;gpl
39678;gpl
39679;gpl
39695;gpl
39708;gpl
39713;gpl
39717;gpl
39719;gpl
39720;gpl
39726;gpl
39729;gpl
39745;gpl
39750;gpl
39756;gpl
39760;gpl
39763;gpl
39764;gpl
39766;gpl
39769;gpl
39771;gpl
39773;gpl
39778;gpl
39779;gpl
39780;gpl
39781;gpl
39782;gpl
39783;gpl
39789;gpl
39798;gpl
39804;gpl
39805;gpl
39807;gpl
39811;gpl
39840;gpl
39845;gpl
3986;gpl
39861;gpl
39866;gpl
3987;gpl
39875;gpl
39876;gpl
39884;gpl
39885;gpl
39909;gpl
39910;gpl
39916;gpl
39919;gpl
3992;gpl
39922;gpl
39924;gpl
39930;gpl
39933;gpl
39941;gpl
39945;gpl
39946;gpl
39950;gpl
39954;gpl
39955;gpl
39962;gpl
39963;gpl
39966;gpl
39980;gpl
39984;gpl
39988;gpl
3999;gpl
39991;gpl
39993;gpl
40005;gpl
40011;gpl
40015;gpl
40016;gpl
40018;gpl
40019;gpl
40022;gpl
40025;gpl
40032;gpl
40033;gpl
40039;gpl
40042;gpl
40050;gpl
40051;gpl
40060;gpl
40061;gpl
40062;gpl
40086;gpl
40094;gpl
4011;gpl
40117;gpl
40124;gpl
4013;gpl
40132;gpl
40134;gpl
40154;gpl
40159;gpl
40165;gpl
40166;gpl
40173;gpl
40174;gpl
4018;gpl
40190;gpl
40191;gpl
40197;gpl
40203;gpl
40204;gpl
40205;gpl
40207;gpl
4024;gpl
40240;gpl
40253;gpl
40264;gpl
4027;gpl
40278;gpl
40290;gpl
40294;gpl
40299;gpl
40301;gpl
40309;gpl
40315;gpl
40316;gpl
40317;gpl
40319;gpl
40324;gpl
40325;gpl
40330;gpl
40338;gpl
4036;gpl
40367;gpl
40370;gpl
40371;gpl
40377;gpl
40379;gpl
40380;gpl
40384;gpl
40389;gpl
4040;gpl
40402;gpl
40415;gpl
40428;gpl
4043;gpl
4044;gpl
40441;gpl
40442;gpl
40454;gpl
40479;gpl
4048;gpl
4049;gpl
40495;gpl
40511;gpl
40514;gpl
4053;gpl
4054;gpl
40546;gpl
40553;gpl
40554;gpl
40555;gpl
40557;gpl
40558;gpl
40574;gpl
40577;gpl
40578;gpl
40579;gpl
40588;gpl
40607;gpl
40611;gpl
40625;gpl
40627;gpl
40628;gpl
40631;gpl
40638;gpl
4064;gpl
40640;gpl
40642;gpl
40648;gpl
40649;gpl
4065;gpl
4066;gpl
40669;gpl
40675;gpl
40680;gpl
40699;gpl
40701;gpl
40706;gpl
40718;gpl
40719;gpl
4072;gpl
40720;gpl
40729;gpl
4073;gpl
40733;gpl
40734;gpl
4074;gpl
40741;gpl
40742;gpl
40744;gpl
40751;gpl
40763;gpl
40766;gpl
40769;gpl
4077;gpl
40782;gpl
40784;gpl
40786;gpl
40797;gpl
40800;gpl
40804;gpl
40805;gpl
40812;gpl
40813;gpl
40816;gpl
4082;gpl
40820;gpl
40829;gpl
40833;gpl
40854;gpl
40856;gpl
40861;gpl
40867;gpl
40870;gpl
40891;gpl
40892;gpl
40894;gpl
40907;gpl
40908;gpl
40913;gpl
40921;gpl
40929;gpl
40935;gpl
40945;gpl
4095;gpl
40950;gpl
40951;gpl
40965;gpl
40967;gpl
40969;gpl
40974;gpl
40975;gpl
40979;gpl
40986;gpl
41007;gpl
41014;gpl
41021;gpl
4103;gpl
41031;gpl
41041;gpl
41046;gpl
41051;gpl
41058;gpl
41059;gpl
41065;gpl
41071;gpl
41084;gpl
41085;gpl
41092;gpl
41094;gpl
41096;gpl
41106;gpl
41110;gpl
41111;gpl
41119;gpl
41123;gpl
41126;gpl
41129;gpl
41134;gpl
41143;gpl
41146;gpl
41159;gpl
4116;gpl
41166;gpl
41171;gpl
41196;gpl
41197;gpl
41203;gpl
41204;gpl
41207;gpl
41212;gpl
41213;gpl
41215;gpl
41216;gpl
41219;gpl
41228;gpl
41245;gpl
41259;gpl
4126;gpl
4127;gpl
41289;gpl
41293;gpl
41297;gpl
41299;gpl
4130;gpl
41301;gpl
4131;gpl
41317;gpl
41318;gpl
41322;gpl
41326;gpl
4133;gpl
41331;gpl
4134;gpl
41341;gpl
41347;gpl
41349;gpl
4135;gpl
41351;gpl
41355;gpl
41361;gpl
4137;gpl
4138;gpl
41384;gpl
4141;gpl
4142;gpl
4147;gpl
4160;gpl
4183;gpl
4185;gpl
4186;gpl
4193;gpl
4194;gpl
4195;gpl
4196;gpl
4203;gpl
4206;gpl
4208;gpl
4210;gpl
4214;gpl
4216;gpl
4218;gpl
4221;gpl
4237;gpl
4238;gpl
4241;gpl
4244;gpl
4246;gpl
4251;gpl
4254;gpl
4256;gpl
4259;gpl
4262;gpl
4267;gpl
4271;gpl
4279;gpl
4280;gpl
4285;gpl
4302;gpl
4304;gpl
4307;gpl
4308;gpl
4309;gpl
4311;gpl
4312;gpl
4313;gpl
4327;gpl
4334;gpl
4345;gpl
4353;gpl
4355;gpl
4356;gpl
4365;gpl
4366;gpl
4367;gpl
4373;gpl
4384;gpl
4388;gpl
4390;gpl
4393;gpl
4394;gpl
4396;gpl
4409;gpl
4410;gpl
4413;gpl
4419;gpl
4423;gpl
4432;gpl
4437;gpl
4441;gpl
4445;gpl
4446;gpl
4447;gpl
4449;gpl
4468;gpl
4473;gpl
4475;gpl
4480;gpl
4484;gpl
4485;gpl
4486;gpl
4488;gpl
4490;gpl
4491;gpl
4516;gpl
4527;gpl
4534;gpl
4535;gpl
4536;gpl
4539;gpl
4550;gpl
4565;gpl
4573;gpl
4574;gpl
4578;gpl
4580;gpl
4581;gpl
4582;gpl
4586;gpl
4589;gpl
4596;gpl
4599;gpl
4601;gpl
4602;gpl
4604;gpl
4607;gpl
4609;gpl
4610;gpl
4612;gpl
4617;gpl
4626;gpl
4628;gpl
4631;gpl
4635;gpl
4641;gpl
4644;gpl
4645;gpl
4655;gpl
4656;gpl
4658;gpl
4662;gpl
4672;gpl
4679;gpl
4680;gpl
4683;gpl
4685;gpl
4686;gpl
4694;gpl
4697;gpl
4699;gpl
4703;gpl
4706;gpl
4720;gpl
4722;gpl
4726;gpl
4730;gpl
4754;gpl
4756;gpl
4757;gpl
4759;gpl
4770;gpl
4772;gpl
4773;gpl
4780;gpl
4792;gpl
4802;gpl
4803;gpl
4804;gpl
4809;gpl
4815;gpl
4817;gpl
4822;gpl
4827;gpl
4828;gpl
4837;gpl
4838;gpl
4839;gpl
4840;gpl
4846;gpl
4847;gpl
4848;gpl
4849;gpl
4856;gpl
4857;gpl
4859;gpl
4860;gpl
4864;gpl
4866;gpl
4867;gpl
4871;gpl
4873;gpl
4876;gpl
4877;gpl
4884;gpl
4885;gpl
4898;gpl
4905;gpl
4907;gpl
4909;gpl
4911;gpl
4912;gpl
4914;gpl
4918;gpl
4921;gpl
4926;gpl
4928;gpl
4930;gpl
4931;gpl
4932;gpl
4938;gpl
4944;gpl
4954;gpl
4957;gpl
4958;gpl
4959;gpl
4960;gpl
4962;gpl
4966;gpl
4967;gpl
4968;gpl
4973;gpl
4974;gpl
4983;gpl
4984;gpl
4985;gpl
4988;gpl
4989;gpl
4991;gpl
4992;gpl
4996;gpl
5002;gpl
5011;gpl
5012;gpl
5018;gpl
5021;gpl
5022;gpl
5024;gpl
5027;gpl
5028;gpl
5031;gpl
5032;gpl
5034;gpl
5036;gpl
5037;gpl
5042;gpl
5049;gpl
5053;gpl
5054;gpl
5057;gpl
5059;gpl
5060;gpl
5065;gpl
5067;gpl
5068;gpl
5069;gpl
5076;gpl
5081;gpl
5084;gpl
5087;gpl
5088;gpl
5091;gpl
5094;gpl
5097;gpl
5102;gpl
5112;gpl
5113;gpl
5115;gpl
5119;gpl
5125;gpl
5128;gpl
5136;gpl
5141;gpl
5143;gpl
5147;gpl
5154;gpl
5157;gpl
5158;gpl
5159;gpl
5163;gpl
5167;gpl
5169;gpl
5170;gpl
5171;gpl
5172;gpl
5173;gpl
5174;gpl
5175;gpl
5180;gpl
5181;gpl
5187;gpl
5192;gpl
5195;gpl
5197;gpl
5198;gpl
5207;gpl
5209;gpl
5211;gpl
5214;gpl
5221;gpl
5230;gpl
5231;gpl
5234;gpl
5237;gpl
5239;gpl
5242;gpl
5243;gpl
5251;gpl
5252;gpl
5253;gpl
5255;gpl
5257;gpl
5259;gpl
5262;gpl
5263;gpl
5264;gpl
5266;gpl
5267;gpl
5268;gpl
5273;gpl
5275;gpl
5284;gpl
5285;gpl
5291;gpl
5295;gpl
5297;gpl
5302;gpl
5317;gpl
5327;gpl
5328;gpl
5330;gpl
5331;gpl
5333;gpl
5334;gpl
5336;gpl
5339;gpl
5344;gpl
5345;gpl
5350;gpl
5355;gpl
5356;gpl
5358;gpl
5366;gpl
5375;gpl
5385;gpl
5442;gpl
5497;gpl
5499;gpl
5569;gpl
5571;gpl
5575;gpl
5578;gpl
5586;gpl
5588;gpl
5589;gpl
5592;gpl
5593;gpl
5603;gpl
5606;gpl
5610;gpl
5618;gpl
5626;gpl
5628;gpl
5629;gpl
5630;gpl
5636;gpl
5638;gpl
5639;gpl
5643;gpl
5651;gpl
5654;gpl
5658;gpl
5660;gpl
5661;gpl
5687;gpl
5701;gpl
5702;gpl
5705;gpl
5706;gpl
5707;gpl
5708;gpl
5709;gpl
5719;gpl
5722;gpl
5723;gpl
5725;gpl
5726;gpl
5727;gpl
5728;gpl
5729;gpl
5730;gpl
5731;gpl
5738;gpl
5739;gpl
5740;gpl
5746;gpl
5748;gpl
5755;gpl
5759;gpl
5760;gpl
5761;gpl
5765;gpl
5833;gpl
5842;gpl
5847;gpl
5883;gpl
5971;gpl
5987;gpl
5993;gpl
5995;gpl
5998;gpl
5999;gpl
6003;gpl
6008;gpl
6020;gpl
6021;gpl
6022;gpl
6023;gpl
6024;gpl
6025;gpl
6028;gpl
6036;gpl
6040;gpl
6043;gpl
6045;gpl
6051;gpl
6072;gpl
6081;gpl
6085;gpl
6092;gpl
6094;gpl
6100;gpl
6102;gpl
6107;gpl
6108;gpl
6113;gpl
6119;gpl
6120;gpl
6148;gpl
6155;gpl
6163;gpl
6176;gpl
6178;gpl
6179;gpl
6207;gpl
6208;gpl
6211;gpl
6242;gpl
6253;gpl
6261;gpl
6272;gpl
6274;gpl
6291;gpl
6293;gpl
6302;gpl
6314;gpl
6320;gpl
6333;gpl
6337;gpl
6338;gpl
6340;gpl
6343;gpl
6344;gpl
6363;gpl
6369;gpl
6381;gpl
6388;gpl
6432;gpl
6469;gpl
6489;gpl
6528;gpl
6537;gpl
6560;gpl
6579;gpl
6581;gpl
6582;gpl
6602;gpl
6604;gpl
6605;gpl
6632;gpl
6786;gpl
6796;gpl
6808;gpl
6818;gpl
6821;gpl
6844;gpl
6853;gpl
6856;gpl
6877;gpl
6884;gpl
6888;gpl
6894;gpl
6896;gpl
6914;gpl
6917;gpl
6932;gpl
6936;gpl
6938;gpl
6939;gpl
6966;gpl
6974;gpl
6979;gpl
6986;gpl
6987;gpl
6988;gpl
7017;gpl
7038;gpl
7042;gpl
7046;gpl
7075;gpl
7081;gpl
7109;gpl
7151;gpl
7158;gpl
7160;gpl
7168;gpl
7194;gpl
7229;gpl
7257;gpl
7258;gpl
7259;gpl
7260;gpl
7261;gpl
7262;gpl
7263;gpl
7264;gpl
7265;gpl
7266;gpl
7267;gpl
7268;gpl
7269;gpl
7270;gpl
7271;gpl
7272;gpl
7275;gpl
7276;gpl
7278;gpl
7279;gpl
7280;gpl
7281;gpl
7282;gpl
7283;gpl
7284;gpl
7285;gpl
7286;gpl
7287;gpl
7289;gpl
7291;gpl
7292;gpl
7293;gpl
7294;gpl
7296;gpl
7297;gpl
7298;gpl
7299;gpl
7300;gpl
7301;gpl
7302;gpl
7303;gpl
7304;gpl
7305;gpl
7306;gpl
7444;gpl
7447;gpl
7454;gpl
7469;gpl
7477;gpl
7489;gpl
7497;gpl
7508;gpl
7526;gpl
7687;gpl
7719;gpl
7744;gpl
7756;gpl
7793;gpl
7795;gpl
7802;gpl
7838;gpl
7860;gpl
7877;gpl
7923;gpl
7929;gpl
7931;gpl
7932;gpl
7950;gpl
7961;gpl
8052;gpl
8097;gpl
8107;gpl
8140;gpl
8156;gpl
8174;gpl
8176;gpl
8181;gpl
8199;gpl
8254;gpl
8297;gpl
8318;gpl
8349;gpl
8363;gpl
8377;gpl
8378;gpl
8442;gpl
8443;gpl
8452;gpl
8473;gpl
8486;gpl
8491;gpl
8524;gpl
8526;gpl
8589;gpl
8612;gpl
8614;gpl
8631;gpl
8651;gpl
8654;gpl
8669;gpl
8690;gpl
8813;gpl
8823;gpl
8850;gpl
8853;gpl
8863;gpl
8868;gpl
8917;gpl
8942;gpl
8945;gpl
8954;gpl
8992;gpl
9011;gpl
9075;gpl
9084;gpl
9118;gpl
9127;gpl
9130;gpl
9131;gpl
9132;gpl
9133;gpl
9134;gpl
9157;gpl
9182;gpl
9237;gpl
9252;gpl
9302;gpl
9329;gpl
9386;gpl
9404;gpl
9468;gpl
9488;gpl
9502;gpl
9527;gpl
9543;gpl
9556;gpl
9558;gpl
9566;gpl
9569;gpl
9585;gpl
9615;gpl
9663;gpl
9665;gpl
9666;gpl
9667;gpl
9738;gpl
9741;gpl
9749;gpl
9767;gpl
9769;gpl
9774;gpl
9803;gpl
9843;gpl
9845;gpl
9869;gpl
9885;gpl
9902;gpl
9907;gpl
9935;gpl
9943;gpl
9976;gpl
